<NotepadPlus>
    <UserLang name="lvl" ext="lvl">
        <Settings>
            <Global caseIgnored="no" />
            <TreatAsSymbol comment="no" commentLine="no" />
            <Prefix words1="no" words2="no" words3="no" words4="no" />
        </Settings>
        <KeywordLists>
            <Keywords name="Delimiters">000000</Keywords>
            <Keywords name="Folder+">addFunction</Keywords>
            <Keywords name="Folder-">endFunction</Keywords>
            <Keywords name="Operators">&apos; - ! &quot; $ % &amp; ( ) * , . / : ; ? @ [ \ ] ^ _ ` { | } ~ + &lt; = &gt;</Keywords>
            <Keywords name="Comment">1 2 0#</Keywords>
            <Keywords name="Words1">addBoolean addInt addFloat addArtifact addSolid addImage addSound addAnimation addSpawnPoint addEdgeBox addActionBox addMusicTrack addMusicRequest everyFrame onStart onEnd setGravity addActionBox setBgColor setVignetteColor addAI</Keywords>
            <Keywords name="Words2">Exist PPCollision BBCollision Delete Distance Angle ABCollision if GotoLevel PlaySound</Keywords>
            <Keywords name="Words3">Boolean Int Float Image Sound Animation Solid Artifact Player Music Function ActionBox</Keywords>
            <Keywords name="Words4">true false Alpha Position xPosition yPosition xMomentum yMomentum Rotation rotMomentum Mask FrameTime Output</Keywords>
        </KeywordLists>
        <Styles>
            <WordsStyle name="DEFAULT" styleID="11" fgColor="000000" bgColor="FFFFFF" fontName="" fontStyle="0" />
            <WordsStyle name="FOLDEROPEN" styleID="12" fgColor="000080" bgColor="FFFFFF" fontName="" fontStyle="1" />
            <WordsStyle name="FOLDERCLOSE" styleID="13" fgColor="000080" bgColor="FFFFFF" fontName="" fontStyle="1" />
            <WordsStyle name="KEYWORD1" styleID="5" fgColor="0080FF" bgColor="FFFFFF" fontName="" fontStyle="1" />
            <WordsStyle name="KEYWORD2" styleID="6" fgColor="00C462" bgColor="FFFFFF" fontName="" fontStyle="1" />
            <WordsStyle name="KEYWORD3" styleID="7" fgColor="8000FF" bgColor="FFFFFF" fontName="" fontStyle="1" />
            <WordsStyle name="KEYWORD4" styleID="8" fgColor="FF0080" bgColor="FFFFFF" fontName="" fontStyle="1" />
            <WordsStyle name="COMMENT" styleID="1" fgColor="000000" bgColor="FFFFFF" fontName="" fontStyle="0" />
            <WordsStyle name="COMMENT LINE" styleID="2" fgColor="C0C0C0" bgColor="FFFFFF" fontName="" fontStyle="0" />
            <WordsStyle name="NUMBER" styleID="4" fgColor="FF00FF" bgColor="FFFFFF" fontName="" fontStyle="0" />
            <WordsStyle name="OPERATOR" styleID="10" fgColor="FF8000" bgColor="FFFFFF" fontName="" fontStyle="0" />
            <WordsStyle name="DELIMINER1" styleID="14" fgColor="000000" bgColor="FFFFFF" fontName="" fontStyle="0" />
            <WordsStyle name="DELIMINER2" styleID="15" fgColor="000000" bgColor="FFFFFF" fontName="" fontStyle="0" />
            <WordsStyle name="DELIMINER3" styleID="16" fgColor="000000" bgColor="FFFFFF" fontName="" fontStyle="0" />
        </Styles>
    </UserLang>
</NotepadPlus>
