<NotepadPlus>
    <UserLang name="scn" ext="scn">
        <Settings>
            <Global caseIgnored="no" />
            <TreatAsSymbol comment="no" commentLine="no" />
            <Prefix words1="no" words2="no" words3="no" words4="no" />
        </Settings>
        <KeywordLists>
            <Keywords name="Delimiters">000000</Keywords>
            <Keywords name="Folder+"></Keywords>
            <Keywords name="Folder-"></Keywords>
            <Keywords name="Operators">|</Keywords>
            <Keywords name="Comment"></Keywords>
            <Keywords name="Words1">Name Lvl Type Dur Fcop Subt Char Lpii PChar endChar</Keywords>
            <Keywords name="Words2">Pos Dir</Keywords>
            <Keywords name="Words3"></Keywords>
            <Keywords name="Words4"></Keywords>
        </KeywordLists>
        <Styles>
            <WordsStyle name="DEFAULT" styleID="11" fgColor="000000" bgColor="FFFFFF" fontStyle="0" />
            <WordsStyle name="FOLDEROPEN" styleID="12" fgColor="000000" bgColor="FFFFFF" fontStyle="0" />
            <WordsStyle name="FOLDERCLOSE" styleID="13" fgColor="000000" bgColor="FFFFFF" fontStyle="0" />
            <WordsStyle name="KEYWORD1" styleID="5" fgColor="008040" bgColor="FFFFFF" fontStyle="1" />
            <WordsStyle name="KEYWORD2" styleID="6" fgColor="004080" bgColor="FFFFFF" fontStyle="1" />
            <WordsStyle name="KEYWORD3" styleID="7" fgColor="000000" bgColor="FFFFFF" fontStyle="0" />
            <WordsStyle name="KEYWORD4" styleID="8" fgColor="000000" bgColor="FFFFFF" fontStyle="0" />
            <WordsStyle name="COMMENT" styleID="1" fgColor="000000" bgColor="FFFFFF" fontStyle="0" />
            <WordsStyle name="COMMENT LINE" styleID="2" fgColor="000000" bgColor="FFFFFF" fontStyle="0" />
            <WordsStyle name="NUMBER" styleID="4" fgColor="FF00FF" bgColor="FFFFFF" fontStyle="0" />
            <WordsStyle name="OPERATOR" styleID="10" fgColor="FF8040" bgColor="FFFFFF" fontStyle="0" />
            <WordsStyle name="DELIMINER1" styleID="14" fgColor="000000" bgColor="FFFFFF" fontStyle="0" />
            <WordsStyle name="DELIMINER2" styleID="15" fgColor="000000" bgColor="FFFFFF" fontStyle="0" />
            <WordsStyle name="DELIMINER3" styleID="16" fgColor="000000" bgColor="FFFFFF" fontStyle="0" />
        </Styles>
    </UserLang>
</NotepadPlus>
